{
  "newbie": {
    "badge": "<:newbie:862546000760930314>",
    "leftBracket": "<:square_bracket_newbie:891901267801153587>",
    "rightBracket": "<:arrow_bracket_newbie:891901259550953552>"
  },
  "verified": {
    "badge": "<:approved:885852320930340874>",
    "leftBracket": "<:square_bracket_verified:891901313573613608>",
    "rightBracket": "<:arrow_bracket_verified:891901302861340702>"
  },
  "staff": {
    "badge": "<:staff:862546022970556431>",
    "leftBracket": "<:square_bracket_staff:891901288634269747>",
    "rightBracket": "<:arrow_bracket_staff:891901277490020372>"
  },
  "developer": {
    "badge": "<:developer:885526852540698624>",
    "leftBracket": "<:square_bracket_developer:891901251447574578>",
    "rightBracket": "<:arrow_bracket_developer:891901240479469648>"
  },
  "bot": {
    "badge": "<:frockles:862740401411588167>",
    "leftBracket": "<:square_bracket_frockles:891903402634805308>",
    "rightBracket": "<:arrow_bracket_frockles:891903393868681256>"
  }
}
